company_id,business_no,company_name,company_address,company_rep_name
comp001,801-88-00982,올리브인터내셔널,"서울특별시 서초구 서초대로 398, 14층(서초동, BNK디지털타워)",이진호
comp002,814-86-00820,더파운더즈,"서울특별시 서초구 강남대로 343, 6, 7층(서초동 신덕빌딩)","이선형, 이창주"
comp003,290-88-02711,붐잉,"서울특별시 강남구 선릉로 578, 7층 77호(삼성동, 태정빌딩)",나영현
comp004,722-87-00061,글루가,"충남 천안시 서북구 2공단8길 45 2층 (업성동)",유기현
comp005,738-86-02543,맥시마이저,"서울특별시 강남구 역삼로25길 37, 근도빌딩 2층",범지희
comp006,333-87-03591,포인트넥션,"서울특별시 마포구 어울마당로 44, 5층(서교동, 테라빌딩)",한성호
comp007,850-86-03027,온오퍼,"서울특별시 성동구 성수이로 51, 1301호(성수동2가)",박태환
comp008,465-81-01281,이삼오구,"서울시 강남구 학동로 23길 18",주재형
comp010,13CE16BC35994275,픽디,,천민기
